<?xml version="1.0" encoding="UTF-8"?>
<project-private xmlns="http://www.netbeans.org/ns/project-private/1">
    <editor-bookmarks xmlns="http://www.netbeans.org/ns/editor-bookmarks/2" lastBookmarkId="0"/>
    <open-files xmlns="http://www.netbeans.org/ns/projectui-open-files/2">
        <group>
            <file>file:/C:/Users/Gatocell/Desktop/parcial/web/GestionarEmpleado.xhtml</file>
            <file>file:/C:/Users/Gatocell/Desktop/parcial/src/java/com/demo/db/DbConnectionFactory.java</file>
            <file>file:/C:/Users/Gatocell/Desktop/parcial/src/java/web/EmpleadoManagerBean.java</file>
            <file>file:/C:/Users/Gatocell/Desktop/parcial/src/java/modelo/Empleado.java</file>
            <file>file:/C:/Users/Gatocell/Desktop/parcial/src/java/Dao/Imp/DaoEmpleadoImp.java</file>
        </group>
    </open-files>
</project-private>
